questionnaire NASA_TLX: Demande Mentale,10,2,0.13333333333333333,Demande Physique,5,3,0.2,Demande Temporelle,5,3,0.2,Performance,5,3,0.2,Effort,5,2,0.13333333333333333,Frustration,5,2,0.13333333333333333,5.666666666666667;
